TxI_fixed,TxQ_fixed,RxI_fixed,RxQ_fixed
-65536,-196608,-78757,-184329
-196608,-196608,-182650,-208321
-65536,-65536,-59921,-50309
-196608,-196608,-185494,-204429
65536,-196608,52600,-199013
-196608,65536,-224125,59186
65536,65536,52714,48883
-65536,-196608,-55457,-173605
-196608,-65536,-165672,-64832
65536,65536,59243,81470
65536,65536,98887,80846
65536,-196608,77696,-210792
196608,-65536,176194,-47715
65536,196608,68673,203985
-65536,-65536,-52875,-80790
-65536,65536,-101080,72114
-65536,65536,-56092,50545
65536,65536,82721,89078
-65536,65536,-59691,77461
65536,65536,64632,64493
65536,-196608,63002,-178073
65536,-196608,62146,-219791
196608,-196608,179375,-207589
-196608,65536,-206683,61837
-65536,-196608,-71641,-163846
196608,65536,198271,49849
-65536,-65536,-73696,-90555
196608,196608,183872,175442
-196608,-65536,-185474,-52256
-196608,196608,-191177,187901
-196608,-196608,-204510,-198939
-196608,196608,-189189,207787
65536,-65536,58895,-67853
-65536,-65536,-64612,-62544
-65536,196608,-51247,204451
-65536,-65536,-74383,-71847
65536,-196608,48355,-199045
-65536,-65536,-67663,-61990
-196608,196608,-216589,209331
-65536,-196608,-69602,-208220
-65536,196608,-69649,152344
196608,65536,160504,75495
65536,65536,73312,79131
-196608,-196608,-199285,-193677
-196608,-196608,-179288,-192676
-196608,-65536,-193450,-73806
-65536,196608,-54756,203938
-196608,65536,-179169,78039
-196608,-65536,-198538,-64708
196608,65536,196596,102043
-65536,-65536,-88595,-88452
196608,-65536,214773,-63148
65536,65536,63401,48327
-65536,-65536,-80274,-52642
196608,65536,207448,42361
65536,-196608,33593,-216156
196608,196608,190317,187329
65536,-65536,78847,-61640
-196608,65536,-203023,56810
-196608,65536,-207129,56957
-65536,196608,-71634,193957
196608,196608,167154,193058
196608,196608,207093,218406
65536,-65536,63735,-55484
-65536,65536,-69527,60780
-196608,-65536,-200545,-34806
196608,-65536,196814,-58331
65536,-196608,75112,-210807
-196608,196608,-197371,200367
-196608,-196608,-216562,-188760
-196608,-196608,-188174,-206685
65536,-65536,72842,-80960
65536,-65536,68548,-64269
-196608,65536,-180851,60257
65536,-196608,65981,-174932
-196608,196608,-180322,207469
-196608,-196608,-175986,-205998
-196608,65536,-188075,71778
65536,-196608,54576,-178039
-65536,-196608,-67453,-217033
-65536,-196608,-47381,-211596
65536,65536,43589,65372
196608,-196608,190864,-196086
65536,-65536,60510,-66301
196608,-196608,183929,-201162
-196608,-65536,-183817,-70314
196608,-196608,202130,-190977
-196608,-65536,-207028,-48919
-65536,-196608,-56663,-203656
-196608,196608,-198929,232341
196608,-65536,183563,-36803
-65536,196608,-75983,216087
-65536,-65536,-59146,-56414
65536,-196608,79297,-167182
196608,65536,189475,61285
196608,-196608,204586,-208809
65536,65536,88715,57828
65536,196608,47088,181911
-65536,65536,-60324,67321
65536,65536,77709,69930
-65536,65536,-66930,68479
196608,65536,214754,65354
65536,196608,97758,198559
196608,65536,201640,90981
-65536,-196608,-68959,-187522
-196608,-65536,-182291,-52017
-196608,-65536,-184268,-62740
196608,-196608,159696,-220283
-65536,196608,-65576,170027
-65536,-196608,-71319,-166086
-196608,-196608,-190795,-204401
-65536,65536,-68374,56498
-65536,65536,-66784,69136
196608,196608,183958,204674
-196608,196608,-185844,206527
-65536,-65536,-41283,-39533
196608,196608,184186,218600
65536,-196608,45063,-208492
-196608,-65536,-196315,-51340
196608,-65536,196188,-71165
65536,65536,82695,63521
-65536,65536,-83549,49504
-65536,-65536,-73419,-90347
65536,65536,34063,65073
196608,65536,216757,51527
-65536,65536,-61864,79132
-65536,-65536,-72327,-69655
196608,-65536,177231,-61014
196608,-65536,178576,-45496
65536,-196608,71607,-218374
-65536,-65536,-81765,-76155
196608,65536,198132,68187
-196608,-65536,-166670,-60956
65536,-196608,60442,-180437
65536,65536,51447,78244
65536,196608,71134,198028
65536,-65536,47573,-61090
-196608,-65536,-171403,-60684
65536,196608,86105,175070
65536,65536,63130,63244
196608,-65536,183459,-61895
-65536,-196608,-71775,-189888
65536,65536,61203,51990
196608,-65536,202229,-84129
196608,65536,211843,62099
-65536,-65536,-80725,-36706
196608,196608,211422,184603
196608,-65536,205660,-48333
65536,65536,58095,88759
65536,-65536,49611,-64870
196608,-65536,198311,-75499
-196608,65536,-212136,73051
-65536,-65536,-50535,-62679
196608,-65536,180138,-78126
196608,65536,204634,55882
-196608,196608,-197789,203255
-65536,-196608,-73752,-182929
196608,-196608,195101,-201338
196608,-196608,212434,-197621
65536,-196608,48064,-186810
196608,-196608,190568,-199136
-196608,-196608,-207624,-200994
196608,65536,196042,54467
-65536,65536,-75570,54213
-65536,65536,-91446,104647
-196608,-65536,-212070,-68411
196608,196608,220608,216612
196608,196608,200224,221286
196608,-196608,199720,-199298
196608,-196608,192467,-191209
196608,65536,195851,67038
-65536,196608,-71835,172983
65536,-65536,73258,-88279
-65536,-65536,-64059,-64820
65536,65536,48372,59309
-65536,-196608,-61818,-168888
-196608,196608,-232639,193141
196608,-65536,202673,-36947
65536,-196608,44883,-203589
-65536,196608,-66944,224630
65536,-65536,48030,-58115
196608,-196608,196649,-188353
-196608,-65536,-188134,-73036
196608,-196608,218631,-188154
-65536,-196608,-88124,-171802
-65536,-196608,-51241,-198730
65536,196608,67458,191634
-196608,65536,-203212,61920
-196608,-196608,-185473,-172866
-65536,-196608,-68993,-184073
65536,-65536,76051,-44321
196608,-65536,182067,-60940
196608,196608,187332,197184
-65536,65536,-51708,71749
-65536,-65536,-43769,-49854
196608,196608,196095,192987
196608,196608,155762,216665
196608,196608,193691,201969
65536,-196608,66011,-231870
-196608,65536,-200019,78483
-65536,65536,-60607,46891
-65536,65536,-72525,78127
65536,-196608,77829,-183397
196608,-196608,179511,-191774
65536,-65536,83661,-57569
196608,-65536,219323,-49433
-65536,-65536,-78916,-72799
-196608,196608,-209996,208235
65536,65536,71554,82579
196608,-196608,179210,-170815
-65536,-65536,-72755,-81740
-196608,196608,-180451,202595
65536,-196608,76345,-210698
65536,196608,94554,181896
-65536,196608,-63033,201869
65536,196608,56585,197743
-65536,65536,-64785,82315
65536,-196608,63329,-201681
-196608,-196608,-198609,-198572
-196608,196608,-196957,199707
65536,65536,51882,52907
-65536,196608,-61400,186012
196608,-65536,175965,-49180
65536,-196608,55031,-204653
196608,-196608,194866,-179280
-65536,65536,-98648,74436
196608,-196608,207877,-219286
65536,-196608,35448,-188836
-196608,-196608,-186796,-188951
-65536,65536,-84481,71734
-196608,196608,-202542,194529
-196608,-196608,-189001,-210384
-196608,196608,-164396,216336
65536,65536,67243,64047
-65536,196608,-94590,183662
196608,-65536,210584,-58832
-196608,-196608,-200007,-207493
196608,65536,197632,51628
-65536,65536,-57361,60034
-65536,196608,-98147,186857
196608,-196608,196704,-209976
196608,65536,190604,77353
-196608,-65536,-178703,-67204
196608,196608,207263,214959
196608,-65536,172765,-78058
65536,-65536,84039,-90852
-196608,196608,-190021,198788
-196608,-65536,-219282,-38338
-65536,196608,-64719,204389
196608,196608,211773,243727
65536,65536,47745,70402
-65536,65536,-45349,68988
65536,-65536,43369,-97121
-196608,-65536,-208203,-59265
196608,-65536,182791,-63064
65536,-65536,85714,-71506
-65536,-65536,-72731,-67540
-196608,65536,-213648,64538
65536,-65536,72060,-68173
65536,-65536,75225,-34913
-65536,-196608,-55754,-202043
65536,196608,61560,199089
-196608,196608,-192878,190689
65536,65536,56007,77017
196608,196608,221151,199198
196608,-65536,213376,-69638
-65536,196608,-49666,168384
196608,65536,208245,69102
196608,196608,204224,192071
65536,196608,47301,195718
-196608,-196608,-187327,-213936
-196608,-196608,-194934,-175604
65536,-65536,84050,-52981
196608,196608,208440,217574
65536,-65536,73601,-48728
196608,196608,171927,205288
196608,-65536,195304,-82275
196608,-65536,188432,-38522
-196608,196608,-192910,183014
-65536,-196608,-71626,-200541
-196608,65536,-200652,75895
196608,-65536,203335,-54449
65536,65536,59203,73922
65536,196608,67318,190742
196608,-65536,174342,-74430
-65536,196608,-77734,233750
-196608,-65536,-186994,-66112
-196608,-196608,-214636,-198979
196608,-65536,214863,-75993
196608,-65536,210887,-61951
-65536,-65536,-69467,-62634
-196608,196608,-152664,196370
-65536,-196608,-47319,-191014
-196608,196608,-210519,222451
-65536,65536,-54601,56816
-65536,-196608,-64571,-195977
-65536,-65536,-76918,-75030
65536,-65536,49857,-61217
65536,-65536,80115,-73867
65536,65536,56774,57836
-196608,65536,-198101,44148
-65536,-65536,-79033,-64103
196608,-65536,185644,-59238
196608,65536,194748,92800
-196608,196608,-190919,203488
-196608,-196608,-234539,-203198
196608,-196608,196856,-216533
-65536,65536,-76470,47639
65536,65536,86087,46549
-196608,196608,-153484,224129
-196608,-65536,-201873,-61318
-196608,65536,-221846,56993
196608,196608,198321,182542
65536,65536,62526,52990
-65536,-65536,-36647,-74465
-65536,65536,-41113,84825
196608,-65536,209289,-65975
-196608,196608,-205206,175396
196608,-196608,206540,-162750
196608,196608,200491,179900
-65536,-196608,-62000,-205266
65536,196608,42701,215807
-65536,-196608,-49976,-190524
196608,196608,198188,189722
196608,-65536,195130,-83581
-196608,-196608,-205403,-210774
-196608,-196608,-208238,-209892
196608,-65536,201257,-65433
-65536,-65536,-91169,-62736
-196608,-196608,-185038,-198786
65536,-196608,50089,-197183
65536,-196608,35367,-212006
196608,65536,223307,69832
65536,196608,52961,215373
65536,-65536,54953,-67922
-196608,-65536,-179982,-68207
-196608,196608,-169433,197824
-65536,-65536,-88001,-49149
-196608,-65536,-210620,-78648
-65536,-196608,-78471,-175347
-196608,-65536,-182909,-59363
196608,65536,220628,65956
-65536,65536,-81366,83315
196608,-196608,217340,-213930
-65536,-196608,-75926,-188958
65536,-65536,70462,-59230
-65536,-196608,-84168,-210316
-65536,-196608,-67323,-189858
-65536,196608,-67164,200760
-65536,-196608,-70154,-199227
-65536,65536,-59895,78180
65536,-65536,50779,-73915
-65536,-196608,-78486,-192647
196608,196608,203025,194678
-65536,-65536,-45869,-74544
-65536,-65536,-65870,-58167
196608,-65536,203989,-68580
-196608,196608,-185499,175022
-196608,65536,-184438,39143
65536,196608,51563,208171
-65536,196608,-76923,178721
-65536,-65536,-75649,-61442
-196608,196608,-168345,197413
-65536,-65536,-58089,-70937
65536,-196608,72326,-167934
196608,-196608,201975,-193975
-65536,196608,-84891,207681
196608,65536,225011,69710
65536,-65536,72558,-68929
-196608,196608,-186011,196328
65536,196608,39664,217982
65536,65536,76961,81481
65536,-65536,60316,-36931
65536,196608,46152,199856
196608,65536,182631,52685
65536,-65536,47000,-71991
65536,-196608,46752,-214014
65536,65536,66423,76776
65536,196608,59868,188022
196608,-196608,201504,-241382
65536,-65536,90096,-29431
-196608,65536,-198506,57174
65536,-196608,32639,-205058
65536,-196608,61990,-172112
-65536,196608,-48048,178902
-65536,-196608,-66795,-179952
-65536,196608,-43125,187999
65536,-65536,72174,-84935
-196608,196608,-223547,221604
-196608,65536,-195002,79063
-65536,-196608,-61184,-183126
-65536,-65536,-49704,-60148
65536,196608,92201,205387
-196608,196608,-183306,178552
-196608,196608,-190153,198244
-65536,-65536,-55627,-79146
-196608,-65536,-199070,-85890
-65536,65536,-86973,71558
-65536,-65536,-64928,-48564
196608,196608,201961,190990
196608,-65536,178969,-68643
65536,196608,84977,179929
-65536,65536,-50802,65642
65536,65536,45434,76674
196608,196608,216623,208207
-196608,-65536,-201126,-57547
196608,-65536,185200,-74599
196608,-196608,212424,-206135
196608,65536,195860,77192
-196608,65536,-168777,77435
196608,196608,184110,194088
-65536,-196608,-90912,-202853
-65536,-65536,-69646,-48431
196608,196608,208173,191333
65536,-65536,51949,-54605
65536,-65536,46044,-67541
-196608,-65536,-193253,-80887
-196608,-196608,-218057,-172981
-65536,65536,-61042,67295
-65536,65536,-70528,55121
196608,-65536,203854,-85917
65536,-196608,45257,-215512
-65536,-65536,-46512,-71001
65536,-65536,62854,-37325
-196608,196608,-185419,188040
-196608,-196608,-182542,-175397
196608,-196608,179646,-198524
196608,65536,209537,48227
-65536,65536,-86419,58601
65536,-65536,45458,-84308
-65536,196608,-36755,184064
-65536,196608,-49243,183628
65536,196608,95924,168709
-65536,-65536,-70961,-43367
196608,65536,198109,68628
65536,-196608,73264,-206665
65536,-65536,65357,-62286
-65536,196608,-76470,184365
65536,196608,52405,157465
196608,-65536,199742,-22208
196608,196608,180974,199386
-196608,-196608,-212652,-205240
-196608,-65536,-190840,-93876
-196608,-196608,-198002,-218504
-196608,65536,-182874,89781
-65536,196608,-71763,218618
-196608,196608,-205126,207646
-196608,65536,-190401,49195
-196608,65536,-208508,87664
-196608,65536,-206252,72127
-65536,196608,-74599,206205
-196608,65536,-199681,72074
65536,-65536,91510,-87620
196608,65536,176432,47978
65536,-65536,84521,-73013
-65536,-65536,-54724,-56104
-65536,-196608,-42573,-216837
-65536,-65536,-19570,-68106
196608,-65536,217585,-68124
-196608,65536,-183043,77153
-65536,196608,-84770,206495
-196608,65536,-213991,50732
-65536,-196608,-60258,-175408
196608,-196608,171724,-213654
65536,196608,74555,212614
65536,-65536,34250,-73598
196608,-196608,213493,-194206
-196608,196608,-201322,199920
-65536,65536,-63681,68433
65536,65536,54569,75420
196608,65536,168786,71273
-196608,-65536,-178514,-54052
65536,-65536,85110,-58727
196608,196608,191457,178078
-65536,-196608,-55836,-192654
196608,65536,190880,57273
-196608,-65536,-192380,-81791
65536,-65536,76661,-69783
-65536,-196608,-57402,-193923
-196608,65536,-176957,69195
196608,65536,204212,81011
65536,-196608,65948,-177450
65536,196608,54378,201536
-196608,196608,-203620,204186
-65536,-196608,-53665,-195211
-196608,-196608,-218616,-185365
65536,196608,81741,203744
65536,-196608,61416,-197406
65536,65536,53540,97072
-65536,196608,-81637,188604
65536,196608,75418,217922
65536,196608,65321,176762
-196608,65536,-173326,77459
65536,-196608,47027,-175556
196608,-65536,188135,-93485
-196608,-65536,-197959,-63500
65536,65536,54518,76020
-196608,65536,-196518,69228
-196608,-196608,-191926,-191066
196608,-65536,203708,-63540
-196608,196608,-174536,180573
-196608,65536,-215709,100238
-65536,-65536,-60586,-72915
65536,196608,56056,202970
-65536,196608,-59234,187129
65536,-196608,71857,-229959
-196608,65536,-211071,51988
65536,196608,52330,175394
-196608,65536,-189110,81532
65536,-65536,65879,-74429
-196608,-65536,-199826,-73070
65536,65536,75178,49939
65536,196608,76259,197986
65536,196608,57775,186109
-196608,-65536,-209094,-50994
65536,196608,47043,201034
-196608,196608,-196118,188228
-65536,-65536,-86391,-53076
65536,-196608,66993,-196492
196608,-65536,214440,-65221
196608,65536,191428,44102
-196608,-196608,-204466,-197650
196608,65536,225885,70248
-196608,-196608,-174484,-177066
-196608,-196608,-207813,-207626
196608,-65536,198645,-32152
196608,-65536,201425,-57375
-65536,65536,-62552,43270
-196608,-65536,-170015,-77922
196608,-196608,197886,-175784
-65536,-65536,-62059,-47317
-65536,65536,-55444,65801
-196608,-196608,-179171,-194411
65536,65536,79266,48469
196608,196608,204493,215973
196608,-65536,173766,-80011
196608,-196608,189455,-184229
196608,65536,208616,85349
196608,-65536,200277,-64830
196608,-65536,208714,-51356
-65536,65536,-37881,92612
-196608,-196608,-213856,-192681
-65536,65536,-48861,62967
196608,-65536,191767,-66516
-196608,65536,-182901,54648
196608,196608,196004,185389
-196608,-65536,-165438,-59053
-65536,-196608,-63630,-199011
-196608,196608,-205994,201408
-65536,65536,-59383,43702
196608,-196608,201355,-197965
-196608,196608,-179930,211704
65536,65536,72102,49139
65536,196608,101806,196850
-65536,-65536,-67169,-92714
-65536,-196608,-66996,-215739
-65536,196608,-74386,208444
-65536,-65536,-64281,-70068
196608,65536,199994,92237
65536,-65536,69657,-59199
-65536,65536,-64551,73312
-196608,-196608,-205545,-212383
-196608,-65536,-209528,-71179
196608,-65536,191110,-76272
-65536,65536,-48808,49923
-196608,196608,-176725,206337
-65536,65536,-66664,78205
-196608,196608,-210406,202454
196608,65536,195418,53401
-196608,-196608,-165956,-191761
-65536,196608,-50897,168579
-65536,-65536,-57465,-46148
196608,196608,210715,177585
65536,65536,88112,49116
-65536,65536,-82430,67226
65536,196608,59791,199600
-65536,-65536,-73284,-66602
196608,-196608,205212,-212876
-196608,-65536,-194262,-48928
65536,196608,76619,171902
-196608,65536,-204036,43800
196608,-65536,216713,-67104
196608,65536,195592,47010
196608,65536,206786,83453
-65536,-65536,-48018,-82802
-65536,196608,-49195,219425
-65536,-65536,-60248,-50367
-65536,-196608,-53529,-178509
65536,65536,91059,93190
196608,65536,204134,66726
65536,196608,54844,181764
-65536,65536,-56992,64026
-196608,65536,-197154,57232
65536,65536,31128,55143
-196608,-65536,-189838,-63325
-65536,65536,-63827,60968
65536,-65536,82482,-76559
65536,196608,54544,193012
65536,-196608,43471,-188563
-196608,65536,-194136,79552
-65536,-196608,-59965,-220098
196608,-65536,197983,-69979
196608,196608,196911,194537
-65536,196608,-81197,179279
65536,-65536,63500,-67290
196608,-196608,191502,-194439
65536,65536,81256,73139
-65536,-65536,-59977,-64405
-196608,-65536,-200682,-78446
65536,-65536,90798,-36051
-196608,-65536,-200549,-53386
-196608,-65536,-188434,-57436
-65536,196608,-67982,211333
-65536,-65536,-41633,-61951
-196608,196608,-195335,215458
-196608,-196608,-194902,-195775
196608,65536,194558,65562
196608,196608,199488,205917
-65536,65536,-47958,88636
65536,65536,77931,87694
-196608,65536,-196197,74224
65536,196608,90468,204179
-196608,196608,-183815,206808
-65536,196608,-71957,211052
65536,-196608,45308,-177576
-65536,196608,-71618,193141
-196608,-196608,-190551,-177293
-65536,196608,-56784,201634
65536,196608,85453,206147
196608,65536,180568,85787
-65536,-65536,-71972,-54588
65536,65536,48278,78959
-65536,196608,-85155,190901
-65536,-65536,-74736,-43579
196608,-65536,201980,-55341
65536,-196608,76840,-194761
65536,-65536,51639,-49401
65536,-196608,53677,-158685
-196608,65536,-222690,48406
-65536,-196608,-62395,-208386
196608,196608,185879,235959
65536,-65536,89907,-59283
196608,196608,202613,199405
-196608,-65536,-199120,-67227
-196608,-65536,-206003,-47827
196608,65536,174705,103802
65536,-196608,45491,-206356
196608,65536,187491,64116
65536,-196608,55294,-201748
65536,65536,50894,76276
-196608,65536,-191082,83449
196608,-65536,204144,-41782
-196608,65536,-203329,76772
-65536,65536,-37178,102455
-196608,-196608,-222205,-205031
65536,65536,66388,53306
196608,-65536,193405,-44004
-65536,65536,-73606,67336
-65536,196608,-75760,176445
-65536,196608,-65638,191976
-65536,-196608,-68841,-192862
196608,-196608,190865,-206078
65536,196608,46504,181739
-65536,65536,-89248,62493
65536,65536,61308,49936
-196608,-196608,-202500,-187301
65536,-65536,62649,-94021
-65536,65536,-67128,66861
-196608,196608,-204265,204221
-196608,-65536,-199721,-66863
-196608,-65536,-209116,-49516
-65536,65536,-43204,45451
65536,-65536,53816,-75810
196608,-196608,191172,-201444
65536,-65536,54929,-55092
-65536,-196608,-76389,-193406
-65536,65536,-65175,96946
-196608,-65536,-198106,-77344
65536,196608,58803,176165
-65536,196608,-69690,222826
-65536,-196608,-76084,-217576
196608,-196608,202495,-186598
65536,65536,95653,51194
-196608,-65536,-209428,-95860
-196608,-196608,-190835,-202100
-196608,-196608,-195949,-183426
65536,65536,75334,47632
-65536,-65536,-55325,-57094
-65536,-65536,-62526,-54357
196608,-196608,196024,-215244
196608,-65536,190241,-68874
-65536,-65536,-76746,-42425
-65536,-65536,-66955,-56002
65536,196608,46711,192776
196608,-65536,187905,-59450
-196608,196608,-180388,186566
-196608,-65536,-195164,-49216
-196608,-65536,-183527,-49222
-196608,-65536,-175071,-63764
-65536,-196608,-68130,-193227
-65536,-196608,-62498,-211245
65536,196608,61113,176795
-196608,-65536,-208516,-71055
-65536,196608,-79501,195327
-65536,-65536,-53180,-49964
-65536,65536,-62479,79054
-196608,196608,-169547,199317
-65536,-196608,-51291,-179161
196608,65536,185893,51710
-196608,-196608,-184293,-180820
-196608,65536,-201079,53953
196608,65536,214440,83703
65536,65536,58409,65340
65536,196608,50113,167325
-196608,196608,-208269,207308
-196608,-196608,-207521,-184745
-196608,196608,-208921,189917
196608,-196608,188217,-202049
-65536,-65536,-52982,-67874
196608,-196608,222928,-224820
-65536,-196608,-85029,-231261
-65536,196608,-47020,215682
65536,-196608,58536,-208684
196608,196608,201706,223796
196608,-196608,172368,-176526
-196608,-65536,-188929,-42570
196608,196608,167222,187078
-65536,196608,-60936,173038
-65536,-65536,-61766,-81463
196608,196608,199407,190066
65536,-196608,54766,-231386
65536,65536,73589,58569
-196608,196608,-190877,193653
-196608,65536,-199685,46567
-65536,-196608,-55691,-211856
196608,-65536,195207,-68769
-65536,196608,-57787,201829
-65536,65536,-67381,52482
196608,-65536,199784,-61253
-65536,-65536,-57114,-63531
-65536,196608,-71367,197295
65536,65536,47455,55981
-196608,196608,-192562,177068
65536,-196608,82966,-171748
-196608,-65536,-192224,-56299
-196608,65536,-191946,80274
-196608,196608,-197226,195382
65536,-65536,76367,-67940
196608,196608,193883,203798
-65536,65536,-72188,38650
196608,-196608,212805,-212942
196608,-196608,188833,-208299
-196608,-196608,-183573,-203269
-196608,196608,-180401,183717
65536,-65536,73842,-60659
65536,-196608,47229,-195414
-65536,-196608,-65138,-176197
196608,-196608,193648,-160357
196608,-196608,189339,-215114
-65536,65536,-63444,67695
-196608,65536,-185336,67669
65536,-65536,58816,-65744
-65536,65536,-68047,49639
196608,65536,193075,52095
-65536,65536,-48480,69059
-65536,196608,-69304,182755
196608,65536,178519,67870
196608,196608,173550,193004
65536,196608,70852,198684
65536,65536,54389,51566
196608,196608,206408,198916
65536,-196608,46028,-209518
65536,-65536,57639,-63181
65536,65536,46037,85164
196608,65536,202977,69361
-196608,-65536,-187100,-60819
-196608,65536,-191646,77512
65536,65536,49622,44968
-196608,-65536,-207537,-40346
65536,196608,68970,181139
-196608,-196608,-221341,-183717
-196608,196608,-200142,207553
-65536,-196608,-43307,-209829
65536,-65536,62899,-50751
-196608,196608,-218422,203903
-196608,196608,-205509,224304
-65536,-196608,-74778,-193774
-196608,-196608,-165243,-198199
-65536,-196608,-41127,-204151
-196608,-196608,-185897,-222156
-65536,65536,-70564,60873
-65536,-65536,-47942,-69579
196608,-196608,179998,-192768
65536,196608,81312,175753
196608,196608,210207,193105
65536,196608,63318,205053
-196608,-196608,-179914,-186709
65536,-65536,58982,-92790
196608,65536,178069,75888
65536,-196608,79867,-200221
196608,-196608,195359,-199319
65536,65536,74355,30886
-196608,-65536,-169924,-43649
-196608,-196608,-207192,-194017
65536,196608,63435,174166
65536,196608,88538,202106
-196608,-196608,-186808,-191560
65536,-65536,55281,-47620
-65536,196608,-79531,192070
-196608,196608,-204347,196784
-196608,65536,-207429,56116
196608,-65536,200086,-56773
196608,-196608,197757,-208089
-65536,65536,-61444,52450
65536,65536,53214,64542
-65536,65536,-66574,47572
65536,-65536,35411,-42058
196608,-65536,198733,-37293
65536,-65536,82761,-72183
196608,-196608,175729,-216928
-196608,-65536,-189524,-60603
-196608,65536,-205562,58471
65536,196608,77296,213822
196608,-196608,198933,-208143
-65536,-196608,-59605,-188629
196608,-196608,197558,-194938
196608,65536,216074,55626
196608,-65536,201699,-62018
-196608,65536,-206945,78410
196608,196608,198055,197881
65536,-65536,60130,-64110
-196608,196608,-194228,183818
-196608,-196608,-202759,-179840
-196608,-196608,-206526,-181301
196608,65536,199528,59520
-65536,-65536,-64718,-67357
196608,-196608,212200,-175884
196608,65536,190527,48924
-65536,196608,-94564,205463
196608,65536,191276,57350
65536,-65536,41702,-39480
-65536,-65536,-59445,-64606
65536,-65536,41006,-47066
65536,-196608,51052,-207765
-196608,65536,-201918,47240
-196608,196608,-173982,193175
-65536,-65536,-81258,-61687
196608,65536,196790,58052
65536,-196608,74035,-185496
196608,196608,218356,193531
65536,196608,76934,166106
-196608,196608,-180578,204709
-196608,-196608,-183942,-209541
-196608,-65536,-214327,-70835
-65536,-196608,-60265,-173848
65536,196608,77973,222587
196608,65536,182591,57103
65536,196608,57040,205075
196608,65536,184838,57443
196608,-196608,207930,-200812
196608,-196608,195593,-205485
65536,-196608,60834,-221877
-196608,65536,-215390,66929
-65536,-196608,-66524,-192385
-65536,-65536,-73854,-75369
-196608,196608,-193042,212549
-65536,-65536,-82285,-71926
196608,65536,199215,56198
-65536,-196608,-71969,-188892
65536,196608,47228,174001
-196608,-196608,-216058,-183321
-196608,-196608,-213856,-202502
-196608,196608,-199633,211105
-196608,196608,-194835,215485
65536,-65536,69490,-56155
196608,-65536,201115,-77435
196608,-65536,185492,-83866
196608,-65536,212118,-86551
-65536,-65536,-72017,-49374
196608,65536,203205,63561
-65536,65536,-67942,56755
65536,-196608,71040,-198544
-65536,-196608,-68677,-180772
196608,-65536,202376,-54124
-196608,-196608,-196716,-190182
65536,65536,77462,74884
196608,65536,184611,68176
196608,-196608,170671,-192181
196608,-65536,182344,-62297
65536,65536,81200,65535
-196608,196608,-198873,207648
-196608,196608,-195259,201902
-196608,-196608,-212048,-209514
196608,-65536,197569,-57786
-65536,-196608,-80525,-192985
196608,-65536,183774,-56576
-196608,-65536,-202506,-67063
65536,196608,72059,208503
-65536,65536,-57449,64636
-65536,65536,-57051,76144
196608,-196608,173336,-203297
65536,-196608,65438,-202283
-65536,-65536,-68420,-56713
-196608,65536,-219061,60674
196608,-65536,196842,-33212
196608,196608,192938,204909
-196608,196608,-189112,196973
-196608,-65536,-195417,-53521
-196608,-65536,-204658,-72580
-65536,-65536,-51970,-52010
65536,-65536,32985,-52417
-65536,-65536,-66478,-47166
65536,196608,39697,190148
196608,196608,183240,178690
65536,196608,73227,187667
-196608,-196608,-215280,-200735
-65536,196608,-86400,221040
-196608,65536,-161702,97702
196608,65536,176689,70587
-65536,-65536,-41349,-65398
-65536,196608,-68060,191480
-196608,-65536,-204299,-53451
-65536,-65536,-57230,-33464
-196608,65536,-177021,91706
65536,65536,48741,82212
196608,-65536,189131,-49075
-196608,65536,-184198,77733
196608,-65536,200828,-66229
-65536,-65536,-49388,-76330
196608,-65536,204157,-65841
196608,-196608,223106,-190419
196608,65536,199225,44234
-65536,65536,-62286,63295
65536,196608,70251,184505
65536,65536,63448,80393
65536,196608,77964,188552
-196608,-65536,-193134,-60726
-196608,-196608,-185058,-206866
-65536,-65536,-51695,-42123
65536,-65536,71815,-90459
196608,-65536,203960,-58563
65536,196608,50730,177891
-196608,-196608,-204673,-204072
-65536,-65536,-53177,-62514
65536,196608,86398,200350
-196608,-65536,-225044,-62176
-196608,-196608,-204930,-194384
196608,-65536,196954,-74942
65536,-65536,52651,-67940
196608,65536,184555,66000
65536,196608,72496,199471
-65536,-196608,-42362,-197571
65536,196608,35761,207300
196608,65536,194110,66905
196608,-65536,203397,-62586
-196608,-196608,-185175,-202216
65536,-196608,70213,-212031
65536,196608,91348,198865
-65536,-65536,-65112,-47842
-196608,65536,-177382,72040
196608,-65536,187136,-77516
65536,196608,66386,208547
-196608,-196608,-214379,-201519
-65536,-196608,-52334,-186135
-196608,-65536,-198373,-70940
65536,-65536,70780,-60359
65536,-65536,60944,-73134
-65536,-65536,-56942,-72761
-65536,65536,-59712,42583
-65536,65536,-80112,73040
196608,65536,182880,70961
-196608,65536,-197015,71785
-196608,196608,-186942,200643
-196608,-196608,-169309,-207778
196608,-196608,201048,-182453
-196608,196608,-181843,211156
-65536,196608,-89171,185057
-196608,65536,-167110,73334
196608,-65536,205484,-52714
196608,-196608,195881,-203497
-196608,196608,-199022,192270
196608,-65536,180383,-57709
196608,65536,184573,43403
-196608,196608,-168612,180657
196608,-196608,182115,-211112
196608,-196608,181833,-222932
-196608,-196608,-206899,-180709
-65536,196608,-83094,167473
-65536,-196608,-65312,-191580
196608,65536,212565,77431
65536,-196608,56590,-200910
65536,65536,45411,55742
-196608,-196608,-192331,-193196
-196608,65536,-197425,65563
-65536,196608,-50842,211314
65536,65536,58876,27017
-196608,196608,-200420,183145
65536,-65536,63345,-57306
65536,65536,66840,66275
196608,196608,190855,207629
196608,-65536,188480,-61696
65536,-196608,38420,-198582
-65536,-65536,-73821,-69966
-196608,65536,-186127,99608
-196608,-65536,-184148,-43042
-65536,-196608,-72440,-189347
196608,-65536,215651,-64386
196608,65536,196187,73422
-65536,65536,-85141,77653
-65536,196608,-89751,202746
196608,-196608,214461,-207619
65536,-196608,60070,-170457
196608,-65536,178817,-61928
65536,-196608,32428,-167095
-196608,65536,-202407,68279
-196608,-65536,-190677,-69136
65536,196608,55312,216892
65536,-65536,50101,-61122
196608,-65536,188557,-63581
-65536,196608,-47318,179018
65536,-65536,45123,-55861
-196608,-196608,-206012,-203837
196608,-65536,214351,-72098
-196608,-65536,-189366,-72725
196608,-65536,199233,-59102
-65536,65536,-75039,43036
-65536,65536,-65089,62446
-196608,-196608,-204490,-182243
65536,196608,52942,178354
65536,65536,49709,68069
-196608,65536,-185118,56283
65536,-196608,64651,-202524
65536,-196608,70145,-172353
-196608,196608,-194385,172421
-196608,-65536,-190147,-54316
-65536,-65536,-69269,-72540
-196608,196608,-203666,188875
-65536,196608,-77483,180319
-65536,196608,-86257,207656
196608,-196608,180165,-199413
65536,-65536,60181,-70191
-196608,196608,-220099,198218
65536,196608,45280,194113
196608,-65536,211880,-94855
-196608,-65536,-193323,-72729
-196608,-196608,-203229,-183486
196608,65536,229896,43458
65536,65536,41382,49564
-65536,-196608,-51239,-202862
196608,-196608,194975,-207241
196608,-65536,208112,-65945
-196608,-196608,-195011,-212626
-65536,-196608,-92972,-202292
196608,196608,198007,195905
65536,-196608,70453,-187098
196608,-196608,164486,-178366
65536,196608,94025,192775
-196608,-65536,-192047,-37868
196608,-65536,206456,-68231
65536,-196608,48456,-184461
-196608,-196608,-186487,-168303
-196608,65536,-180642,67577
-196608,196608,-192892,176480
196608,65536,196471,66868
-196608,-196608,-209703,-205571
-196608,65536,-199776,61514
65536,65536,58033,94624
-196608,-65536,-188226,-83455
196608,196608,184154,201011
-65536,-65536,-57261,-78398
-196608,-65536,-208903,-70045
196608,65536,192763,76451
-196608,196608,-187580,201270
196608,-196608,186294,-199906
-196608,196608,-187075,187086
65536,-65536,73640,-60904
-65536,65536,-69507,90561
-65536,-196608,-48511,-209817
196608,-65536,197748,-37522
196608,65536,212761,83114
-65536,-65536,-39254,-45469
65536,65536,62000,70056
65536,196608,74987,213770
-196608,-65536,-205951,-80320
65536,196608,50401,186818
-65536,196608,-68400,207830
-65536,65536,-85504,69871
65536,-196608,51796,-198782
65536,196608,74203,159934
-65536,-65536,-73063,-71918
-65536,-65536,-55124,-82741
-65536,65536,-61148,72768
-65536,196608,-38409,193807
-65536,-196608,-57852,-205815
65536,-196608,81864,-157878
65536,-65536,71425,-50322
-196608,65536,-192045,81009
-196608,196608,-179540,228880
196608,-65536,206409,-53780
-196608,65536,-193530,54238
65536,-196608,68550,-209619
-196608,-65536,-188721,-51396
-196608,65536,-206447,35358
65536,-196608,55076,-197748
-65536,65536,-44648,33720
65536,-65536,92858,-64088
65536,196608,51924,209124
196608,65536,186804,69631
196608,196608,213351,210355
196608,-65536,204426,-36743
-65536,-196608,-55623,-198711
-196608,65536,-183469,106680
196608,-196608,193080,-193491
65536,196608,70371,210517
196608,196608,200304,187653
65536,-196608,52955,-172878
-65536,-65536,-60919,-50270
196608,196608,214746,218171
65536,-65536,60640,-64737
-196608,-196608,-194372,-215005
-65536,-65536,-62507,-58789
65536,196608,61364,171739
-196608,-196608,-186688,-201535
-196608,-65536,-206574,-62736
65536,-65536,85065,-30699
196608,65536,205785,70204
-196608,196608,-210336,198653
-65536,65536,-40653,64612
-196608,-65536,-194145,-85203
196608,196608,186014,197866
-65536,-196608,-49350,-195100
-65536,-196608,-58287,-210802
-65536,-196608,-91503,-213999
65536,-65536,57833,-72593
-196608,-65536,-192518,-64584
196608,-196608,164961,-203313
65536,65536,66783,50136
65536,65536,67851,69775
-65536,196608,-82879,204505
65536,196608,69502,198386
-196608,-196608,-196499,-204858
65536,-65536,48078,-56819
65536,-65536,79012,-68328
-65536,196608,-53258,179183
-65536,-196608,-69782,-181423
65536,196608,62626,201788
-65536,65536,-54893,63788
196608,-196608,193667,-219631
196608,-196608,168312,-207523
196608,-196608,203744,-167027
65536,65536,53618,43432
-196608,-196608,-202321,-200291
-196608,196608,-175244,196369
-65536,65536,-67499,70232
-196608,-65536,-196583,-87476
-196608,196608,-189139,199160
65536,196608,72941,171899
-65536,196608,-79006,198036
-196608,65536,-197492,55976
196608,196608,197138,183919
-65536,65536,-61550,77770
-65536,-196608,-61298,-200061
-65536,-65536,-27619,-58594
196608,-196608,179377,-189181
-196608,196608,-182245,215218
196608,65536,213950,47830
-65536,65536,-58315,79004
-65536,-196608,-75066,-196367
65536,196608,89931,191067
65536,-65536,33414,-82377
65536,65536,55523,74425
65536,65536,82706,52021
-65536,196608,-70960,204196
196608,65536,220003,93787
65536,196608,43382,210969
196608,196608,180311,216998
65536,-65536,57745,-76073
-196608,196608,-190491,207785
65536,-196608,62282,-213376
196608,-65536,189422,-68958
65536,196608,86351,222125
-196608,196608,-174430,187701
196608,-65536,190536,-49250
196608,65536,171553,80420
196608,-65536,164992,-49786
-65536,65536,-62029,46969
196608,-65536,206221,-57840
-65536,-65536,-64613,-67831
-196608,-196608,-197647,-180657
196608,-65536,184818,-89789
196608,-196608,206206,-191218
196608,196608,221201,199925
-196608,65536,-229095,36372
-65536,65536,-66672,52561
65536,-196608,51316,-223428
-196608,65536,-218450,54892
-196608,65536,-213167,73584
-196608,-65536,-191044,-62673
-65536,-196608,-59602,-194126
-65536,65536,-44137,50299
-65536,196608,-65407,213027
-65536,-196608,-91301,-196884
-65536,-65536,-69026,-65042
196608,196608,176292,210389
65536,65536,47851,51009
65536,65536,74044,68885
-65536,-196608,-62690,-190402
-65536,65536,-56926,57541
196608,-196608,191369,-187048
-65536,65536,-53951,72528
196608,196608,190550,195125
196608,-65536,212972,-67473
-196608,196608,-191558,204280
-196608,-65536,-199641,-53982
-65536,-196608,-62428,-195686
196608,65536,196346,81952
-65536,196608,-42146,206258
-196608,65536,-193011,39327
-196608,-196608,-196632,-217196
-196608,-65536,-200103,-48211
-196608,196608,-184252,192992
-196608,-65536,-186234,-63130
-65536,-65536,-69549,-48841
-65536,-196608,-82471,-196702
-196608,-65536,-209826,-64990
-65536,-196608,-68235,-209339
-196608,-65536,-176840,-60114
-196608,-65536,-200274,-56941
-196608,196608,-205314,188140
-65536,-196608,-91338,-210120
-65536,65536,-43356,104022
196608,65536,204947,64174
-65536,65536,-53871,55517
-65536,196608,-51443,206963
65536,196608,63122,195864
-196608,-65536,-195368,-81447
-196608,-65536,-174794,-58457
-65536,65536,-62904,53034
-65536,-65536,-56926,-42434
196608,-65536,209365,-58289
65536,196608,74958,192551
-196608,65536,-198486,67138
-196608,-196608,-197105,-183371
-65536,65536,-54140,68261
-65536,196608,-54164,227706
65536,65536,82656,82181
-196608,-196608,-188532,-189462
65536,-65536,74279,-79267
-196608,65536,-203147,63383
-65536,196608,-74052,203626
65536,196608,76976,184550
196608,65536,188194,84490
-65536,-65536,-65839,-79812
196608,-65536,216817,-74874
196608,196608,214495,188368
196608,196608,201031,207508
-196608,-196608,-200948,-208404
196608,-65536,194800,-91913
-196608,65536,-183893,81480
65536,196608,65001,190096
-65536,196608,-73717,180950
-196608,196608,-178792,185546
-196608,196608,-193947,221766
65536,-65536,57077,-75165
65536,196608,72555,194800
-65536,-65536,-51303,-72085
65536,-196608,50769,-214672
-196608,-196608,-199546,-207492
-65536,65536,-69151,46469
-65536,196608,-58908,210616
-65536,65536,-56274,67014
196608,-65536,188527,-29154
196608,65536,174733,55147
-196608,65536,-181488,52950
196608,196608,180196,219084
65536,-65536,69510,-50032
-65536,-65536,-67470,-59898
-196608,196608,-194227,180288
65536,-65536,89734,-39964
-65536,-196608,-21012,-197665
65536,196608,41599,190297
196608,196608,211026,213357
65536,196608,63246,196281
196608,-196608,211964,-213690
65536,-65536,79564,-64945
-196608,-196608,-175949,-208058
196608,-196608,200784,-240708
196608,-196608,183572,-209529
-65536,65536,-51942,57802
196608,-65536,198337,-82471
-65536,-65536,-68963,-57106
196608,196608,189629,185215
196608,196608,211355,203619
196608,65536,220104,47463
196608,-196608,179091,-183284
-65536,196608,-56422,177902
-196608,-65536,-202065,-99849
65536,196608,44034,214739
196608,-196608,198773,-209151
196608,65536,184399,91283
-196608,-196608,-219729,-188334
-65536,196608,-76992,208189
65536,65536,50475,80857
-196608,65536,-206085,67187
-196608,-196608,-216038,-194790
-196608,196608,-202398,215385
-196608,-196608,-207060,-194976
196608,196608,202112,185937
65536,196608,74234,205192
196608,-65536,200420,-96510
-196608,65536,-200058,84873
65536,196608,61690,216251
-196608,-196608,-208875,-179050
-65536,-196608,-77450,-179612
-196608,-65536,-186297,-66770
-196608,-65536,-222395,-67099
-65536,-65536,-66719,-83556
196608,65536,191867,91152
65536,-65536,74316,-72644
-196608,65536,-217491,70517
-196608,-65536,-196425,-61813
-65536,65536,-60510,45893
65536,196608,37624,171041
-65536,-65536,-81280,-65454
-196608,65536,-197953,58887
196608,196608,204142,195297
196608,-65536,199282,-49923
65536,196608,73749,199904
-196608,-65536,-212425,-54420
-65536,-196608,-88818,-190082
-196608,65536,-195370,60900
-65536,-196608,-83551,-211289
-65536,65536,-78217,69415
65536,-196608,79198,-195379
-65536,-65536,-62765,-52125
65536,-196608,57210,-198819
196608,-65536,186379,-69893
65536,65536,74635,62173
65536,-65536,68642,-78999
65536,-196608,47738,-175405
196608,196608,168064,213308
65536,65536,93112,47760
-65536,196608,-83451,208389
-65536,196608,-57803,169571
65536,196608,87674,211047
-65536,196608,-63373,186403
65536,196608,56737,201882
196608,-196608,175710,-224884
-65536,-65536,-86638,-83102
65536,-65536,71056,-58667
-196608,196608,-175345,186337
196608,-196608,190813,-208917
-196608,196608,-204752,217063
65536,196608,75757,229008
-65536,65536,-75588,79267
65536,-196608,69558,-212609
-65536,196608,-64923,222451
65536,-65536,59536,-88418
65536,65536,65308,61074
-65536,196608,-39698,197411
-65536,196608,-56677,224803
65536,196608,81546,209982
-196608,-196608,-210071,-203404
196608,196608,212668,182760
-196608,-65536,-187244,-50850
-196608,65536,-218584,57720
-196608,-196608,-188698,-193432
-196608,65536,-204130,45463
-65536,-65536,-88189,-57194
-196608,196608,-194706,203769
196608,-196608,204507,-214803
-65536,196608,-63314,211726
-196608,-196608,-198207,-188479
-65536,196608,-70380,207453
-196608,-65536,-160462,-71085
-196608,-65536,-213938,-62914
196608,196608,209400,197537
-65536,-65536,-65310,-67707
-65536,196608,-78058,199107
65536,-196608,64827,-178196
-196608,-65536,-217020,-49783
-196608,-196608,-205334,-213927
196608,196608,195920,211048
196608,-196608,173877,-179153
-65536,65536,-58115,63321
196608,196608,182485,204059
-65536,-65536,-86810,-58297
-196608,-65536,-212441,-77992
-196608,65536,-164721,59939
-65536,196608,-94523,207611
196608,196608,202999,189342
196608,196608,185593,210903
-65536,196608,-70667,215731
-196608,-196608,-187758,-179848
-65536,196608,-57406,225621
196608,-196608,186633,-197938
-65536,-196608,-85434,-194011
-196608,-65536,-187491,-60837
65536,196608,73631,195723
-65536,-196608,-69712,-188663
65536,196608,72012,171532
-65536,65536,-72069,68539
196608,-196608,184488,-216793
196608,-65536,196666,-79643
65536,196608,73142,207348
-65536,-65536,-61004,-68454
196608,-196608,204069,-186385
65536,-196608,54390,-199843
65536,-65536,88717,-49322
-65536,196608,-70553,193104
196608,-196608,194865,-225256
65536,65536,46212,68839
-196608,-65536,-199449,-97319
-196608,-196608,-188808,-217897
196608,196608,207782,183669
196608,-196608,219497,-211375
-196608,196608,-188984,188621
65536,196608,69594,181337
-65536,-196608,-72076,-217211
65536,65536,55839,88131
196608,196608,210826,186670
196608,-65536,210545,-98226
-65536,196608,-81319,191319
65536,196608,76132,180126
-65536,65536,-56005,52567
65536,196608,49214,207018
65536,-196608,73456,-203175
-196608,65536,-211988,48646
65536,196608,29936,203148
196608,-196608,194262,-179756
196608,-196608,200386,-188741
196608,196608,194922,160653
-196608,-65536,-154593,-81875
-65536,-65536,-59984,-64841
196608,196608,198764,193028
196608,196608,202903,191812
-65536,-196608,-72003,-211010
-196608,196608,-182987,176010
65536,196608,70826,226031
-65536,-196608,-60917,-196211
65536,196608,56390,206018
65536,196608,42612,196700
65536,196608,58189,197287
-65536,-196608,-61394,-197518
-65536,196608,-72053,180189
65536,-65536,69811,-87730
-196608,196608,-200013,202268
-196608,-65536,-190298,-62783
-196608,196608,-210923,210358
196608,-196608,199435,-185832
65536,-65536,56143,-77384
196608,196608,174066,213205
-196608,196608,-199028,207819
-65536,196608,-43022,206732
-196608,196608,-217982,229570
196608,-196608,198358,-166655
196608,65536,208296,75646
-196608,-65536,-162903,-57253
65536,196608,58312,212459
-65536,-196608,-74798,-205165
-65536,65536,-82633,57186
-196608,-196608,-179895,-186739
65536,196608,52825,184057
65536,65536,60105,74223
-196608,-65536,-223703,-63238
-65536,-65536,-52582,-78083
-65536,-196608,-48563,-196229
-65536,-65536,-53142,-46411
65536,-65536,42011,-64329
-196608,65536,-187711,66804
65536,-65536,41024,-60715
-65536,65536,-64685,72265
65536,65536,68541,60688
-65536,65536,-60990,70669
-196608,-65536,-188773,-80909
-65536,-196608,-65654,-208318
196608,-196608,167850,-206443
196608,-65536,204450,-58652
-196608,65536,-195178,67884
65536,-65536,52309,-67505
65536,196608,42538,206731
65536,-196608,88104,-191056
-65536,65536,-47492,61287
196608,-65536,206953,-80707
-196608,65536,-206519,53524
65536,196608,28651,175113
65536,65536,76742,67596
-196608,196608,-191234,183974
-65536,-196608,-71026,-203867
65536,65536,82019,63666
-65536,-65536,-53109,-50237
-65536,65536,-62955,79147
-65536,65536,-65022,64734
65536,196608,66283,215153
65536,196608,75500,167118
-196608,-65536,-209174,-38027
-196608,-196608,-190366,-186460
-65536,-196608,-79027,-195101
65536,196608,85122,183546
-65536,-65536,-57738,-71956
-196608,65536,-206694,74466
-65536,-65536,-64355,-56273
196608,-65536,184096,-55741
-65536,-65536,-43494,-76212
65536,-196608,89318,-210234
-65536,65536,-55333,68397
-65536,-65536,-42724,-54254
65536,-196608,67760,-196561
196608,-196608,207797,-174898
65536,196608,83483,197094
-196608,65536,-196692,65526
196608,-65536,197650,-55709
196608,65536,210290,83403
65536,196608,75010,176836
-65536,196608,-76607,180224
-196608,-65536,-228654,-70127
-196608,-196608,-199180,-150316
196608,196608,165879,192776
-196608,-196608,-211131,-198393
196608,196608,183796,205670
196608,65536,188275,79852
-196608,-65536,-184585,-63048
196608,196608,211814,213671
-65536,65536,-58081,48039
196608,196608,205877,185382
-65536,-65536,-55921,-48501
-65536,65536,-102125,65696
-65536,-196608,-65387,-215108
-196608,196608,-222934,177227
-65536,196608,-58075,184724
-196608,65536,-227281,65567
65536,-65536,62892,-58687
-65536,196608,-57509,191786
196608,65536,180228,71178
65536,-65536,79629,-71941
65536,196608,72960,214544
-65536,65536,-59955,102931
-196608,-65536,-186379,-71289
65536,196608,60272,203641
-65536,196608,-63310,202446
65536,-65536,65683,-63504
65536,-65536,65352,-55963
-65536,65536,-75384,72553
196608,196608,178400,189705
196608,196608,191672,215901
196608,65536,190864,68491
65536,196608,54740,190969
-196608,196608,-184122,232411
-196608,196608,-213786,194905
65536,-196608,63023,-192872
65536,-65536,82628,-62965
-65536,-196608,-52213,-198512
-196608,-196608,-178784,-190033
65536,-65536,56879,-77919
196608,-196608,208101,-187866
-196608,65536,-212185,39769
65536,-196608,61493,-215630
-65536,65536,-68200,92291
-65536,-65536,-73975,-83944
-196608,196608,-201910,167886
196608,-65536,189378,-83582
-196608,-65536,-211004,-40037
65536,-196608,78086,-222866
196608,-65536,193934,-79543
65536,-65536,68488,-86905
196608,65536,199008,61519
196608,196608,197410,190218
65536,-196608,66896,-203653
-196608,196608,-201084,223808
-65536,196608,-44750,179036
196608,196608,207756,195111
196608,-196608,196877,-191646
-65536,-65536,-72087,-79900
-196608,196608,-198349,203739
-65536,-196608,-59416,-202467
-196608,-65536,-174627,-60051
196608,196608,176487,195025
196608,65536,206277,35487
65536,-196608,82047,-177468
-196608,196608,-218395,226949
-65536,-196608,-68191,-199198
-196608,65536,-212208,52377
-196608,-196608,-190299,-174538
-196608,-65536,-201859,-37834
-196608,196608,-198515,194134
-65536,-196608,-71560,-199813
65536,-196608,76089,-197779
196608,196608,199964,172069
-65536,65536,-62152,61270
-65536,65536,-63182,90667
196608,196608,204997,194136
65536,196608,61697,181367
-65536,-65536,-40612,-58257
196608,-196608,178513,-206385
65536,-196608,40244,-197582
65536,65536,39031,46942
-196608,-65536,-227083,-80727
-65536,-196608,-55671,-185798
65536,-65536,73616,-63838
-65536,196608,-47837,185235
196608,-196608,181124,-194856
-65536,196608,-54612,187711
65536,65536,66369,54051
196608,65536,199049,82594
196608,196608,205776,208081
-196608,65536,-207691,65224
196608,196608,234522,198723
65536,196608,85054,196485
-196608,196608,-204400,203745
65536,65536,49552,53820
65536,65536,64248,78175
-196608,65536,-193937,70717
-196608,196608,-180992,192753
-65536,-65536,-82663,-72684
65536,65536,69720,77862
-65536,-65536,-87943,-67741
196608,65536,203003,55294
196608,-196608,195033,-202244
-65536,-196608,-37155,-185336
-196608,-196608,-219264,-220210
196608,-65536,216693,-70744
-196608,65536,-221576,81225
-65536,196608,-84985,194143
-196608,-65536,-221185,-61538
65536,65536,69205,81462
196608,-196608,179408,-183532
-196608,-65536,-216367,-71985
-196608,65536,-193637,63625
65536,196608,72156,209867
-196608,-65536,-196024,-51769
-65536,196608,-67913,195318
-65536,-65536,-38735,-66321
-65536,-196608,-63399,-192685
196608,-196608,208415,-176577
-196608,-196608,-194514,-180964
196608,196608,180519,206769
196608,-196608,204666,-212415
-196608,196608,-206218,192581
-196608,196608,-197941,193351
-65536,196608,-61061,217395
196608,-196608,168158,-200108
196608,65536,173022,83904
-196608,196608,-183281,188245
196608,65536,186881,58342
65536,196608,56504,203663
-196608,-196608,-194169,-173628
-65536,-196608,-71188,-199711
65536,-196608,71655,-234164
65536,-65536,64787,-88458
-65536,-196608,-62626,-192242
65536,65536,55251,43924
65536,196608,68373,183924
65536,65536,81730,65717
196608,-65536,188288,-101430
65536,65536,78949,59971
65536,196608,64780,179539
-196608,196608,-185845,174639
-65536,-196608,-63649,-208363
196608,-65536,196118,-81205
196608,-65536,201733,-58656
-65536,65536,-47752,83070
196608,-196608,200068,-201948
196608,-196608,203621,-205344
196608,-196608,191208,-202678
-196608,196608,-173588,180368
-196608,-65536,-187224,-84422
196608,65536,197747,41422
-65536,65536,-67333,46053
-65536,65536,-51205,89452
-196608,-196608,-205491,-206726
-196608,-65536,-222735,-108643
65536,-65536,66597,-74139
-196608,196608,-179169,173302
196608,196608,219928,197480
-196608,196608,-198180,195899
65536,65536,66175,66355
65536,65536,73149,64939
-65536,-65536,-69410,-70998
-65536,196608,-57968,175273
196608,65536,195356,64442
-196608,196608,-181787,211540
65536,196608,76131,223186
65536,-65536,77409,-69024
-65536,-65536,-68545,-67435
-65536,65536,-37313,72869
-196608,-65536,-189517,-43654
65536,196608,69160,189482
-65536,-65536,-76687,-55386
-196608,196608,-198031,184550
-196608,196608,-194932,201442
-196608,65536,-208151,79760
-65536,65536,-69820,46619
-65536,65536,-67966,57840
-65536,196608,-64717,210600
196608,-65536,170777,-56507
196608,65536,194626,80717
196608,65536,191078,77969
-65536,-65536,-65842,-70535
-65536,-65536,-50365,-33308
196608,65536,226684,67542
65536,196608,75477,151829
65536,196608,47446,192470
65536,65536,60474,58661
65536,-65536,74269,-53882
196608,196608,203690,189996
-196608,-65536,-182139,-49431
-196608,-196608,-198035,-188429
65536,-65536,60209,-80192
-65536,-65536,-39855,-67593
65536,-196608,66396,-207973
65536,196608,50637,199316
-196608,196608,-174991,185156
-65536,196608,-87460,197699
-196608,65536,-247825,61546
-65536,-196608,-54261,-198839
196608,-65536,209954,-35481
-196608,-196608,-190541,-201891
196608,-196608,177521,-224956
196608,-196608,195745,-181722
65536,-196608,61460,-181837
-65536,-196608,-73410,-225608
-196608,-196608,-175915,-206879
65536,65536,50198,71922
-196608,-196608,-191976,-188926
196608,-196608,214106,-196677
-196608,196608,-191018,196869
-196608,-196608,-178420,-210362
65536,-196608,73797,-231776
-65536,196608,-59244,226642
-196608,196608,-191232,182413
196608,196608,205598,199195
196608,-65536,190958,-67864
65536,-196608,46458,-183460
196608,-196608,210589,-194924
-196608,-196608,-179583,-194359
-65536,196608,-61843,158004
-196608,65536,-204644,53324
65536,-196608,42709,-185696
196608,196608,197865,206202
-196608,196608,-216376,182662
-196608,196608,-218428,173483
196608,-65536,196304,-63681
-65536,196608,-76729,154011
-65536,65536,-60476,48703
-65536,-65536,-67870,-39742
196608,196608,187718,217784
-196608,65536,-221592,72676
65536,65536,53038,70040
-196608,-196608,-208568,-225186
196608,196608,178652,185754
196608,196608,191786,192283
-196608,-196608,-213420,-207151
196608,65536,194208,60403
-196608,196608,-193085,215647
-196608,-196608,-208715,-204548
-65536,-196608,-59302,-201604
196608,65536,176658,76373
196608,65536,180310,44735
-65536,196608,-67195,184295
-65536,196608,-55468,185797
-65536,-65536,-52825,-64721
65536,65536,89164,60481
196608,-65536,191089,-70128
-196608,-65536,-198476,-75279
-196608,-196608,-211741,-212300
-196608,-196608,-214981,-187681
196608,196608,199958,191658
65536,65536,54166,74607
196608,65536,214668,49246
196608,-65536,175178,-75285
196608,-65536,203735,-68777
196608,196608,181870,194734
196608,-196608,184585,-185553
65536,65536,73436,59227
-65536,65536,-75441,76479
-196608,65536,-204166,71031
196608,65536,184706,63970
196608,-196608,222766,-210549
196608,196608,187559,207699
-196608,196608,-195853,183033
65536,-196608,62577,-196920
-196608,196608,-193363,195818
65536,196608,56527,193573
-65536,-65536,-68479,-71241
196608,-196608,202381,-208655
65536,196608,52889,172913
-196608,-65536,-180645,-44964
65536,-196608,82908,-203814
65536,-196608,74424,-198485
-65536,65536,-64512,63569
196608,-65536,152783,-49481
196608,-65536,202826,-37206
-196608,-65536,-202343,-63194
-196608,-196608,-200217,-198909
-65536,65536,-93341,49073
65536,-196608,72769,-217763
65536,196608,44308,170612
-196608,196608,-194873,184945
196608,196608,209865,165968
65536,65536,58658,81345
-65536,-196608,-47716,-190408
-196608,-65536,-207555,-69224
65536,196608,74335,212865
196608,196608,177487,180911
196608,-196608,211718,-208624
-65536,-65536,-52699,-93874
-65536,65536,-58673,76884
-196608,196608,-202371,184733
-196608,196608,-217153,196838
196608,196608,190883,211300
196608,-65536,212879,-45447
65536,196608,67440,196181
65536,-65536,42777,-59905
65536,196608,49054,183363
-65536,196608,-47172,221277
-65536,-65536,-58386,-67971
65536,-65536,47453,-64359
196608,65536,170731,59574
-196608,-196608,-205768,-179034
-65536,196608,-92666,199533
-65536,196608,-67820,207759
65536,-196608,101463,-191421
-196608,-196608,-220010,-199838
-65536,-196608,-68262,-182987
-196608,196608,-177383,201668
-65536,196608,-54559,182526
-196608,196608,-198788,182112
-196608,-65536,-198753,-63355
-65536,65536,-82475,78834
-196608,65536,-200530,89561
196608,-196608,200175,-222652
-65536,-196608,-49341,-196232
-65536,196608,-74624,203783
196608,65536,193826,69869
-196608,65536,-210518,80327
196608,-65536,199910,-55930
-65536,196608,-54050,182166
196608,196608,205835,181737
-196608,65536,-213756,70115
196608,65536,198760,80051
-65536,-65536,-75462,-63434
-196608,-65536,-181792,-88659
-65536,196608,-67900,181262
-65536,-65536,-87803,-55402
65536,65536,62315,60427
-65536,196608,-58817,198337
-65536,65536,-61960,81149
-196608,196608,-204108,178990
-196608,196608,-205185,190538
-196608,65536,-211079,57874
196608,196608,190823,201816
196608,196608,184069,207934
-196608,-65536,-182392,-87228
196608,65536,183402,65455
65536,65536,67328,78275
196608,-65536,197404,-92717
65536,196608,79394,195664
-196608,-196608,-180644,-214424
-196608,-196608,-186409,-206010
196608,65536,201780,28826
-196608,-65536,-211975,-45126
-196608,196608,-212272,191394
-65536,-65536,-77929,-77365
-196608,196608,-185589,201419
-65536,65536,-64461,50262
-196608,65536,-183878,48870
65536,-196608,80231,-174475
65536,-65536,54898,-39031
-196608,65536,-196138,56860
65536,-65536,65346,-49895
65536,65536,60733,70754
65536,196608,57698,175889
196608,196608,213970,183007
65536,-196608,66298,-173878
-65536,65536,-65343,44627
196608,-196608,184844,-163182
-65536,-196608,-55641,-204981
-65536,65536,-80265,88702
-65536,65536,-58870,61058
196608,196608,203675,208330
-196608,-196608,-202653,-176165
65536,196608,70191,216977
65536,-65536,68257,-74099
-196608,-65536,-197185,-78100
-196608,-196608,-196418,-197798
-65536,-196608,-64631,-215666
196608,65536,198512,69042
-65536,65536,-64653,53508
65536,-196608,49360,-180742
-196608,-196608,-198839,-204963
65536,-65536,69419,-91068
-196608,196608,-195182,217137
196608,-65536,210585,-62849
-65536,-65536,-56449,-65109
65536,196608,52781,212646
196608,-196608,194166,-183836
65536,-196608,60974,-207772
-196608,-65536,-196672,-72127
65536,-65536,65492,-81846
196608,196608,205569,175147
196608,65536,199207,74015
-65536,65536,-47503,71283
65536,-196608,69068,-185459
-196608,65536,-208780,84317
65536,-196608,58688,-185259
-65536,-196608,-56688,-183955
-196608,-196608,-220262,-227059
-196608,196608,-216331,192109
-65536,-65536,-65379,-51401
-196608,65536,-182673,48417
196608,196608,215762,197951
196608,65536,193426,73148
-196608,196608,-181062,203098
65536,65536,66595,70940
-196608,65536,-219050,74313
65536,-65536,65418,-62887
-65536,65536,-74606,44098
196608,196608,210064,204037
196608,65536,196232,69709
-65536,-65536,-84263,-86781
-65536,65536,-87513,85755
196608,196608,196301,204431
-65536,65536,-101003,45308
-196608,-65536,-204201,-77512
-196608,-65536,-193222,-73802
65536,-65536,50046,-73812
65536,-65536,80102,-61242
65536,-196608,82989,-210916
-196608,-65536,-211507,-49004
196608,65536,192240,80862
65536,65536,80113,74612
-196608,65536,-196627,66184
196608,65536,176173,79274
-65536,-196608,-67636,-200652
-196608,-196608,-209107,-207225
-65536,-196608,-49296,-179168
65536,65536,74416,70189
196608,196608,192010,186584
-196608,196608,-194525,190486
65536,65536,46366,54744
65536,-65536,54490,-35902
196608,-65536,219370,-65476
-65536,65536,-64752,67848
65536,-65536,79166,-54967
196608,-65536,200008,-83346
196608,196608,215868,212677
-196608,65536,-225900,56628
65536,-196608,62778,-169790
-65536,196608,-41433,192026
-65536,65536,-51524,80742
65536,65536,84958,28947
-65536,196608,-65635,179387
196608,-65536,188737,-69839
196608,-65536,181556,-95296
65536,196608,49461,205414
-65536,65536,-53709,70122
196608,-196608,204129,-211128
65536,65536,64560,65302
196608,-196608,204055,-184790
65536,-196608,67624,-227427
-196608,65536,-182507,46874
-196608,65536,-182647,60626
65536,65536,49916,65884
-196608,-196608,-192598,-197467
-196608,-65536,-221064,-52504
-65536,-196608,-63587,-189615
-196608,-196608,-187752,-186399
-65536,-196608,-84788,-216976
-196608,196608,-202711,198730
-196608,-65536,-196468,-70037
196608,-196608,200036,-175182
65536,-196608,61453,-194052
-196608,196608,-213787,186803
65536,-196608,64745,-184115
65536,-65536,41324,-57281
196608,-196608,193199,-208648
65536,-65536,59068,-70643
65536,-65536,63568,-70393
-196608,65536,-204804,83524
196608,196608,174514,199586
65536,196608,60167,207258
-196608,196608,-182967,189379
196608,65536,215094,70442
-196608,65536,-160861,84636
196608,-65536,221398,-70827
196608,196608,179068,198296
-65536,65536,-71521,45558
-65536,65536,-65870,54317
-65536,65536,-66790,60635
65536,-65536,66555,-81082
-196608,-196608,-161326,-177235
196608,65536,180751,53256
-196608,65536,-207064,77066
65536,65536,89625,68274
-65536,196608,-74563,197060
-65536,196608,-59768,218387
-196608,65536,-181446,32408
-196608,-65536,-189479,-68411
196608,-196608,199418,-212440
-196608,196608,-182853,167865
196608,-196608,183521,-214116
196608,65536,189334,65789
-65536,196608,-57687,185979
-196608,-196608,-226934,-183469
-65536,65536,-44777,62402
196608,196608,201054,191849
-65536,65536,-63293,60843
-65536,196608,-89430,195165
196608,-196608,177754,-202741
65536,-196608,59695,-209083
65536,196608,77368,211104
-196608,-65536,-227039,-74682
-65536,65536,-53983,59916
-196608,-196608,-201884,-190315
-65536,-65536,-68810,-60865
-196608,196608,-192892,183515
-196608,-196608,-192661,-185544
196608,-196608,186168,-188729
65536,65536,74694,68144
65536,-65536,31547,-71857
65536,65536,58935,59576
196608,196608,198860,193651
65536,-196608,60481,-214660
196608,-65536,169836,-66111
-65536,65536,-54428,78609
196608,-65536,178314,-52693
-196608,196608,-197597,191027
-196608,-196608,-194365,-181015
-65536,-65536,-65245,-37606
-65536,196608,-48405,191974
-196608,196608,-197389,206742
65536,-196608,71800,-229768
65536,65536,64717,47099
65536,-196608,74518,-195273
-65536,-196608,-45115,-211361
-196608,-65536,-194592,-35653
196608,-65536,208065,-56774
-65536,65536,-44209,79690
-196608,196608,-176719,196183
65536,-65536,59890,-80237
65536,65536,80724,57933
65536,-196608,69182,-192880
-196608,196608,-180236,187260
65536,-196608,73869,-186772
-196608,196608,-192568,207033
-65536,-65536,-59176,-65463
196608,-196608,200348,-223361
65536,-196608,69849,-171479
-65536,196608,-67864,193491
-65536,65536,-69225,105239
-196608,196608,-170770,206170
-65536,-65536,-58538,-68613
-196608,65536,-205009,72099
-196608,-196608,-200673,-226199
-65536,-196608,-50057,-181571
-196608,-196608,-207396,-158991
-196608,-65536,-218326,-96152
-196608,-196608,-217248,-200820
-65536,-196608,-90873,-198152
196608,65536,177575,78362
-196608,-65536,-213913,-34674
65536,-196608,85836,-190997
-65536,65536,-66213,96922
-65536,-196608,-70859,-194110
-196608,65536,-217760,72151
-65536,-196608,-67633,-191798
65536,-65536,40077,-47653
196608,196608,191194,190419
-65536,-65536,-35282,-53545
-65536,65536,-55808,47500
-65536,-196608,-68610,-200777
-196608,-65536,-186377,-74867
65536,-196608,57893,-195319
196608,-65536,184875,-70168
65536,65536,90509,82127
65536,196608,48797,183732
-65536,-65536,-70725,-90907
196608,-196608,201093,-216498
65536,-196608,51816,-182039
196608,-196608,206142,-210816
-196608,65536,-201101,71366
-65536,65536,-55807,61216
-196608,196608,-188021,208687
196608,-196608,193047,-199990
-65536,196608,-40468,237118
-196608,-196608,-206358,-168792
-65536,-65536,-45769,-70155
-196608,-65536,-179390,-72162
65536,-65536,91487,-19634
-65536,-196608,-62985,-212418
196608,-65536,185052,-66342
-65536,-196608,-35102,-196279
196608,196608,191703,196574
-196608,65536,-208530,40056
-196608,-65536,-199389,-58259
196608,-196608,182222,-210828
-196608,-196608,-188898,-175565
-65536,196608,-74412,175272
-196608,196608,-200821,197479
196608,65536,210790,33060
196608,196608,205748,165037
65536,65536,65764,53236
196608,65536,199112,55304
-196608,196608,-196428,218087
196608,65536,190290,64941
-196608,-65536,-196645,-46597
-196608,65536,-189415,59970
65536,-196608,63687,-187726
-196608,-196608,-190457,-207239
196608,-196608,184347,-208236
196608,196608,187758,169925
196608,-196608,185847,-191688
-196608,196608,-204890,200449
196608,-196608,215471,-185217
-65536,65536,-54896,68685
-65536,196608,-81318,226300
196608,-196608,203019,-194028
-196608,65536,-202332,80071
196608,196608,186608,191858
-65536,65536,-87308,52223
-196608,65536,-182365,76053
196608,65536,176622,64230
-196608,196608,-197369,208801
196608,196608,182740,201780
65536,-65536,76905,-77157
-196608,-65536,-201508,-49792
-65536,-65536,-67506,-78303
-65536,-65536,-67012,-56372
-65536,196608,-61102,215389
-65536,-65536,-65345,-71172
196608,-196608,195974,-179668
196608,-65536,189011,-59709
-196608,-196608,-219685,-184123
65536,-196608,49144,-208870
65536,65536,76065,68676
-196608,65536,-201090,44902
-65536,65536,-75267,90614
65536,-65536,44936,-95050
65536,196608,40336,191409
-196608,-196608,-206913,-210262
-65536,196608,-52522,206495
196608,196608,188445,224802
196608,-65536,202477,-55939
65536,196608,56699,240004
196608,196608,205970,176415
-196608,65536,-201763,46468
65536,65536,47484,52448
65536,-196608,61595,-194831
-65536,-196608,-38660,-211657
196608,65536,222837,54521
-65536,-65536,-58406,-56443
65536,-65536,63527,-83695
196608,-196608,201061,-213214
-65536,65536,-60893,59696
196608,-65536,196023,-69997
65536,196608,71998,211409
65536,-196608,68587,-209806
65536,-196608,60906,-207163
-196608,196608,-214124,205132
-65536,196608,-72278,208352
-65536,-196608,-53820,-175671
65536,196608,65075,203483
-65536,-65536,-61136,-63626
65536,-196608,61389,-188181
-65536,-65536,-81064,-69455
196608,-196608,193111,-200635
-65536,-65536,-80519,-91534
65536,65536,49617,78628
-65536,-65536,-47868,-62437
196608,196608,190452,207995
196608,65536,185742,24272
196608,-196608,220318,-197298
65536,-65536,77479,-78078
-196608,-196608,-202052,-174607
65536,65536,71803,74537
196608,196608,193153,200041
-65536,196608,-75687,190278
196608,196608,203564,202429
-196608,-196608,-201360,-210210
-196608,196608,-195502,195147
196608,196608,211575,188132
65536,-196608,78889,-163394
-196608,-196608,-204669,-175067
196608,65536,203730,81114
65536,196608,49008,174769
-65536,65536,-58935,78200
65536,-65536,67712,-62786
-196608,-65536,-191054,-47607
65536,-65536,61177,-60812
65536,-65536,96077,-65634
-65536,-196608,-78744,-193182
196608,65536,210845,39076
65536,65536,50417,54290
-65536,-196608,-58145,-191137
-196608,-65536,-188170,-48839
196608,65536,197414,57469
-196608,196608,-203867,196010
196608,-196608,198676,-220069
65536,-196608,69449,-175223
65536,196608,91766,212929
196608,-65536,183824,-55980
-196608,-65536,-204755,-59575
-196608,65536,-192435,88288
-196608,196608,-200360,184811
65536,65536,64070,52154
196608,-65536,212293,-49980
196608,65536,155279,80107
-196608,196608,-205371,179118
65536,196608,40003,188821
196608,196608,179084,221360
196608,-65536,231846,-59503
-196608,-196608,-187842,-185073
-196608,-196608,-182663,-213593
196608,-196608,195428,-186985
65536,65536,76654,44734
-65536,196608,-91424,167595
196608,-65536,211824,-54885
196608,-196608,184594,-175587
65536,-196608,57750,-200327
196608,65536,204011,57527
-65536,65536,-60899,90607
65536,-196608,66776,-199462
-65536,196608,-85511,195644
-65536,196608,-64073,221432
196608,65536,210684,60354
-65536,65536,-73339,55952
196608,196608,215877,208559
196608,65536,183819,55104
65536,65536,65632,63417
65536,196608,88035,177277
65536,196608,55551,199325
196608,-65536,212053,-64538
-65536,65536,-36599,79722
-65536,65536,-63029,78098
65536,-65536,57813,-57454
65536,65536,54212,71314
196608,65536,215726,64463
-196608,-196608,-177899,-187675
-196608,-196608,-175369,-212908
196608,-196608,196127,-231030
-196608,-65536,-181400,-48509
-196608,65536,-197324,75415
-196608,-65536,-209549,-67397
65536,-65536,82010,-49789
-65536,65536,-41593,54816
-65536,196608,-80492,186270
65536,196608,50304,184238
65536,65536,66122,73854
65536,196608,79547,173411
-196608,-196608,-213223,-207847
196608,65536,199935,69782
196608,-65536,187956,-83182
-196608,-196608,-186338,-206284
-196608,-65536,-208300,-97945
65536,196608,76846,205486
65536,65536,63217,55456
-65536,-196608,-79269,-212717
65536,65536,66469,46558
-196608,-196608,-225008,-202737
-65536,-196608,-73729,-219764
65536,-196608,70480,-168144
-65536,65536,-91500,30589
-65536,-196608,-103214,-203212
65536,-196608,31254,-195041
196608,65536,216056,54173
-196608,-65536,-197733,-62427
-196608,196608,-204411,184890
-65536,65536,-51685,87958
196608,65536,190681,49140
196608,-196608,200542,-231064
65536,65536,65913,46507
65536,65536,58634,71200
-196608,196608,-192297,194880
65536,65536,76868,76558
65536,-196608,62826,-189255
-65536,196608,-72285,187284
196608,65536,191589,58369
196608,-196608,162934,-202255
65536,196608,69684,224222
65536,65536,47817,75660
65536,-196608,74764,-168887
-196608,196608,-197933,208929
-196608,-196608,-195068,-197540
-65536,196608,-55273,181670
-196608,65536,-210186,68489
196608,-65536,202019,-66428
-196608,196608,-192686,195236
196608,65536,193900,62472
-196608,196608,-210210,166531
-196608,-65536,-187885,-47059
-65536,-196608,-55227,-197347
65536,-65536,67201,-86261
65536,-65536,49851,-58476
65536,-196608,57807,-209150
-65536,-65536,-66420,-57298
196608,65536,206697,78456
-196608,196608,-219813,211550
-65536,-65536,-73798,-67894
196608,196608,190707,190544
-65536,196608,-66756,187441
-65536,-196608,-84606,-207197
196608,-65536,193420,-65788
65536,-196608,60986,-199676
-196608,-196608,-211813,-208702
65536,196608,63807,179847
-65536,65536,-73466,63942
196608,196608,203870,190245
-65536,-196608,-78510,-213334
65536,-65536,66852,-53365
65536,65536,53690,91505
65536,65536,56747,79642
-196608,-65536,-192251,-76090
65536,-65536,68976,-66272
-196608,65536,-202719,88110
-196608,-196608,-200556,-213808
65536,65536,44234,77004
196608,65536,217165,44315
-65536,65536,-55462,90214
-65536,-196608,-55989,-202914
-196608,-65536,-219982,-32871
-196608,-65536,-205334,-40212
-196608,-65536,-201511,-67096
-65536,-196608,-93834,-207150
-196608,-196608,-183566,-193754
196608,-65536,217914,-68176
196608,196608,226824,190723
-196608,196608,-211935,172310
-65536,-65536,-63817,-73076
65536,196608,84921,180335
-65536,196608,-69253,204692
65536,-65536,57227,-51013
65536,-65536,38191,-54682
-196608,-196608,-180010,-191591
196608,196608,196326,184109
-196608,196608,-207296,199618
65536,-65536,69696,-53919
-196608,65536,-194366,56945
65536,-65536,68002,-63792
-196608,-196608,-199789,-198740
196608,65536,220383,89897
196608,65536,194649,78015
-65536,65536,-41806,74463
65536,-196608,73803,-221765
65536,196608,70682,199141
-196608,-65536,-198268,-67808
-65536,-196608,-51263,-199006
196608,-196608,198264,-219519
-196608,65536,-210268,49596
-65536,65536,-79685,64539
196608,-196608,202799,-180278
-196608,196608,-209905,187954
196608,65536,195696,59675
65536,-196608,81028,-170507
-65536,65536,-61082,61186
196608,-65536,186026,-67423
-65536,-65536,-44874,-67225
-196608,-65536,-188579,-85253
-65536,65536,-50621,73915
-196608,65536,-229837,55969
-65536,196608,-60688,196167
-196608,-65536,-184267,-59024
-196608,196608,-171691,225075
-196608,-196608,-218059,-215919
196608,-196608,214283,-183932
65536,-65536,89633,-52805
-65536,196608,-95098,187255
65536,65536,72549,74321
65536,196608,74587,220691
65536,-196608,60744,-207818
65536,196608,58354,200147
-65536,-196608,-55749,-190676
-65536,-196608,-74548,-188780
65536,196608,62352,207881
-65536,65536,-53630,67973
-65536,-196608,-39832,-189084
-196608,196608,-188724,183251
-65536,-196608,-63580,-194205
196608,-65536,189041,-72516
65536,65536,50726,47514
-65536,-65536,-49276,-72997
65536,-196608,63287,-192659
-65536,65536,-48673,71922
65536,196608,60707,178020
196608,196608,187093,182867
-65536,65536,-59369,76155
-65536,-65536,-66658,-58089
196608,-65536,178942,-52536
-65536,65536,-38904,85581
65536,196608,56348,204490
196608,65536,210201,59457
-196608,-65536,-184271,-63853
65536,-196608,47079,-172283
-65536,196608,-80225,237119
65536,65536,61118,72322
196608,-196608,183923,-188760
-65536,-65536,-40236,-54901
-65536,196608,-68469,196957
196608,65536,209647,82591
-196608,-65536,-189081,-50764
-65536,65536,-61667,70729
-65536,65536,-64945,60876
-65536,196608,-47407,174323
-196608,-65536,-208699,-54803
65536,-65536,90834,-62417
-196608,-196608,-215471,-207419
65536,-65536,76989,-82094
-65536,-65536,-86128,-55843
65536,196608,60910,173143
65536,-196608,66903,-192217
65536,196608,58404,208970
65536,-65536,62874,-57478
-65536,-196608,-85861,-202334
196608,196608,182138,178299
-196608,-196608,-189306,-188006
65536,-65536,65971,-47943
-65536,-196608,-75655,-205001
-65536,-196608,-46130,-189180
-65536,-196608,-83413,-173432
-65536,-65536,-70835,-60570
65536,-65536,58126,-71352
-196608,-196608,-187595,-181355
-65536,196608,-64830,185800
-196608,196608,-198193,177584
-196608,-65536,-223634,-53632
-196608,65536,-183932,59584
196608,196608,193416,191970
-65536,-196608,-63841,-205795
-65536,65536,-76506,58607
-65536,-65536,-78810,-44976
-196608,196608,-174637,220971
-65536,65536,-91522,91840
-65536,-65536,-80985,-49561
-196608,-65536,-174912,-58703
-65536,-196608,-56146,-217597
65536,196608,60767,193860
196608,65536,214876,97142
65536,-196608,72084,-202992
65536,196608,68945,218797
65536,65536,68841,66343
-196608,-65536,-189790,-104782
-65536,-65536,-58125,-56150
65536,196608,97716,215164
65536,-196608,62680,-197326
-65536,65536,-67940,83605
-196608,65536,-214734,41095
65536,-65536,64775,-85840
-65536,196608,-38237,199610
-65536,-196608,-51109,-189616
196608,-65536,188641,-45656
65536,-65536,65976,-56173
65536,-196608,46538,-214100
196608,65536,182406,68658
-65536,65536,-63346,74339
-65536,196608,-72782,169142
65536,-65536,50228,-66175
65536,196608,72714,191690
196608,65536,195403,55942
65536,-196608,42565,-189299
65536,65536,35126,48688
-196608,65536,-204961,71645
196608,-65536,173333,-57337
-65536,65536,-92924,81418
65536,196608,82080,180145
-65536,-196608,-66968,-218666
65536,-65536,61646,-61449
-196608,-196608,-199369,-200803
196608,196608,179934,239144
196608,196608,202631,203327
-65536,65536,-67451,66388
-196608,196608,-207707,194075
-65536,65536,-74440,47686
-196608,-65536,-214596,-57273
65536,-196608,59583,-197768
65536,65536,62024,64388
-196608,65536,-202943,66920
65536,-65536,66344,-62294
196608,196608,195457,171120
-196608,65536,-193226,77802
-196608,196608,-182788,184204
-65536,65536,-56846,63513
-196608,196608,-182619,215452
-65536,65536,-77959,91613
-196608,-196608,-204061,-221528
196608,-196608,206186,-196165
196608,-196608,206448,-192609
196608,65536,186663,43444
-65536,196608,-56574,208369
-65536,-65536,-79363,-63832
65536,-65536,72586,-62691
-65536,-65536,-65921,-78982
-65536,-196608,-85824,-190557
196608,-196608,190247,-184324
-196608,-196608,-164628,-194743
-65536,196608,-62564,189077
65536,-196608,99247,-202998
-196608,196608,-217768,199838
-65536,196608,-54534,197323
-196608,196608,-233747,209868
-196608,65536,-196611,58498
-196608,-65536,-187358,-83391
